slope_t0,slope_t,ofrac_t,rms_t,tstuck_val,tstuck_frac,slope_p0,slope_p,ofrac_p,rms_p,pstuck_val,pstuck_frac
1.0,0.9958397480840054,0.0948905109489051,0.8389285333461797,-165.37915953540954,0.20754716981132076,0.64,0.5199565013732008,0.029197080291970802,1.532565254686258,99.16996282086876,0.08860759493670886
1.0,0.9964339387967254,0.0,0.8520077061249592,-173.68292400178143,0.06756756756756757,0.47700000000000004,0.5874200266024898,0.012048192771084338,2.1081533814310514,156.36897695146178,0.07894736842105263
1.0,0.9940803734184508,0.0189873417721519,1.0314923374659333,-41.65364779370965,0.09230769230769231,0.56,0.5070897734954797,0.02531645569620253,0.9390003306348913,120.58720698705535,0.10989010989010989
0.5146666670000001,0.4910955010918521,0.2708333333333333,3.669174087332408,-27.850993946943504,0.38461538461538464,1.0,0.9621605913359168,0.006944444444444444,1.1527230934849007,136.14036527675148,0.08771929824561403
1.0,0.9980652864471175,0.0,0.8678948646559205,-138.555300574409,0.078125,0.6,0.5916549387275841,0.04666666666666667,1.9929610019544444,175.2240452144274,0.16470588235294117
1.0,0.9881925415295321,0.6408450704225352,5.818015150184401,149.2703883502167,0.626984126984127,0.68,0.59164981502549,0.09154929577464789,3.4877322467301894,139.46301864636064,0.12987012987012986
1.0,0.9927741573052012,0.0,0.7880381641843655,-42.03114332071484,0.11475409836065574,0.305,0.37661317992745463,0.02531645569620253,1.6960126114894487,116.97040875065119,0.08620689655172414
1.0,0.994890915628001,0.0,0.9557095382584101,151.6715725655864,0.08955223880597014,0.79,0.6531610695094302,0.006060606060606061,1.4192378934306267,137.7415770247382,0.0782608695652174
1.0,0.9991255017713265,0.0,0.9202505045019831,-71.05208302148407,0.109375,0.49,0.5012813461977924,0.0,1.6443011295944494,122.39606838457388,0.09803921568627451
1.0,0.9919416462403129,0.0896551724137931,0.9635004975646374,-159.58004382464733,0.18309859154929578,0.53,0.5763214263335527,0.0,1.4875767696188247,89.638111280704,0.07608695652173914
1.0,0.9946111474262869,0.050359712230215826,3.639952353625808,66.50634194026802,0.136986301369863,0.2,0.20682658506284124,0.5755395683453237,10.0,151.8802994327629,0.3700787401574803
1.0,0.9958291901511823,0.009615384615384616,2.818913399269746,101.15086987181985,0.10869565217391304,0.2,0.4964539059133291,0.41346153846153844,10.0,140.93097744733814,0.3804347826086957
0.596666667,0.6535408512544445,0.46808510638297873,10.0,-147.55845531758806,0.46153846153846156,1.0,1.011509287785324,0.028368794326241134,0.8164533827790943,179.72959940346107,0.11864406779661017
1.0,1.0006129029926436,0.006666666666666667,2.3595942716279206,47.25062911717636,0.13432835820895522,0.235,0.4405062260125898,0.04,7.910028788164544,141.74407090774832,0.1694915254237288
1.0,0.9952502555669271,0.0,0.7613027946328128,-77.18379378311546,0.13793103448275862,0.56,0.5125925944571409,0.013888888888888888,1.2806470445917306,129.5110194596788,0.15
1.0,1.0000005455196392,0.0,0.2,152.0351845009912,0.11940298507462686,0.2,0.19976241005121884,0.9659863945578231,0.2,134.22933445796315,1.0
1.0,0.9952927017264407,0.0,0.9528594606027951,88.4644731948562,0.1232876712328767,0.57,0.5780346091220471,0.00641025641025641,2.347971222174674,121.37537268384506,0.08737864077669903
1.0,0.99814721745334,0.0,7.338289165463093,-155.6267162279396,0.14814814814814814,0.2,,,,,
1.0,1.0083452588791997,0.5076923076923077,7.624987599806786,-157.8852939673751,0.3953488372093023,0.2,0.4473340954611321,0.4076923076923077,6.201846338691238,182.735077330811,0.43333333333333335
1.0,0.9914661114824241,0.017241379310344827,5.894065625433243,7.692133770975914,0.11688311688311688,0.2,,,,,
1.0,1.0083357732555245,0.11363636363636363,5.266342919603909,-134.36478073253818,0.12195121951219512,0.2,0.20993441213995065,0.4090909090909091,10.0,135.1659752568807,0.23684210526315788
1.0,0.9939094893769671,0.036585365853658534,1.6003779092239823,-11.276868289650153,0.16129032258064516,0.2,0.4980484103870281,0.5487804878048781,10.0,145.37769706184736,0.5492957746478874
1.0,1.004824748235897,0.005988023952095809,1.4261338228374063,19.184524732950962,0.1686746987951807,0.73,0.5842087677494411,0.0,2.5750395776098745,176.5045807548474,0.07627118644067797
1.0,1.004535899316455,0.037037037037037035,2.3674177985487317,-74.1626572834023,0.14814814814814814,0.25,0.6722068854779569,0.5308641975308642,10.0,143.61208781446186,0.46835443037974683
1.0,0.9964037943138222,0.0,0.9627810949479648,-133.25953618934275,0.08823529411764706,0.49,0.6705152037768393,0.0,6.144662137489661,155.90645561605126,0.14545454545454545
1.0,0.9934118820552351,0.14728682170542637,0.8363351733638278,-153.13334444958224,0.24615384615384617,0.52,0.5929456217660315,0.031007751937984496,1.8939727969825637,117.56820581608652,0.15492957746478872
1.0,0.9946167681679303,0.0,0.761295078765391,-82.8932680967772,0.07462686567164178,0.71,0.5759347445200791,0.01282051282051282,1.9363145895885252,127.03070088247881,0.0891089108910891
1.0,0.9999563866434099,0.005813953488372093,0.2,43.27667687049329,0.06944444444444445,0.2,-7.92438416153921e-05,0.6337209302325582,0.3765826602207636,131.5848818822696,0.6242424242424243
1.0,0.994374393804976,0.0,0.7538919878135877,-35.67682999301259,0.1,0.469,0.6172728241422311,0.0064516129032258064,1.7238976565491282,82.11486311829734,0.08849557522123894
1.0,0.9958528643294239,0.07751937984496124,0.9522093727489567,180.91027561703478,0.14814814814814814,0.293,0.5470686304514671,0.031007751937984496,10.0,148.40631126141415,0.19642857142857142
1.0,0.9989037278399173,0.009708737864077669,1.4183436113050059,108.60245489399594,0.0963855421686747,0.77,0.7521188074125253,0.009708737864077669,5.120443305374533,145.3733351040583,0.0661764705882353
1.0,0.9940884077579817,0.006711409395973154,0.9837489932896681,-79.11779939419773,0.1044776119402985,0.425,0.6114010717590304,0.06040268456375839,2.468321279103423,156.4680325445546,0.10185185185185185
1.0,0.9926434264571516,0.010810810810810811,2.653136646256018,55.25063231445249,0.06097560975609756,0.77,0.6246359779243156,0.0,2.2506732105025877,139.30373137122632,0.08088235294117647
1.0,0.9958125563038384,0.058823529411764705,0.8117339486810073,58.04184830595041,0.1891891891891892,0.327,0.4490958080309855,0.08823529411764706,1.478815358497558,106.840067082559,0.18032786885245902
1.0,0.999355414982945,0.15862068965517243,0.6911965530639697,-159.85355191001022,0.2345679012345679,0.7,0.4988247345804577,0.04827586206896552,1.964509662820826,126.1208028405788,0.08571428571428572
1.0,0.9945191945524509,0.0,0.8176287489762643,-1.4464689187375086,0.08450704225352113,0.531,0.4893742816843129,0.0058823529411764705,0.83758196717149,97.66190210358945,0.06930693069306931
1.0,0.9933194020163513,0.0,0.8739380527730517,-83.39785361754579,0.08695652173913043,0.415,0.5565168326743064,0.03571428571428571,1.846497646670967,100.93777855465534,0.0743801652892562
1.0,0.9937907528207377,0.006896551724137931,0.8217846470962751,143.64591735453217,0.09230769230769231,0.78,0.6877279206443988,0.020689655172413793,1.4155109316345122,116.50507133438545,0.08139534883720931
1.0,0.9410673485756462,0.5031446540880503,10.0,8.024108686757074,0.5575221238938053,0.76,0.5999207560571322,0.006289308176100629,1.5628875507951652,129.3478678664716,0.10091743119266056
1.0,0.9934639419162262,0.0,1.9384179856685337,-166.25621041068115,0.0684931506849315,0.363,0.3444489175546227,0.018292682926829267,1.134901621158384,104.26556887409805,0.10679611650485436
1.0,0.9952219619660638,0.0,0.8734426557587576,67.08237360521461,0.10810810810810811,0.21,0.2407772793987322,0.0,4.481481951463805,176.10434924192054,0.08552631578947369
1.0,0.9934786416504662,0.0,0.8507555474213697,105.58343053524706,0.08695652173913043,0.45,0.4542422465084717,0.011299435028248588,2.194082339327829,128.33502212024362,0.1206896551724138
1.0,1.0007551147136229,0.017543859649122806,1.1291799050640488,-130.48423946930134,0.10294117647058823,0.6,0.4521311903441957,0.023391812865497075,1.1960016096634016,97.41596952306078,0.07563025210084033
1.0,0.9972158429544764,0.0,0.7770257299833608,140.1705838889633,0.11320754716981132,0.522,0.7174759813263778,0.0,5.111206773012389,123.0419145734106,0.0891089108910891
1.0,0.9931220379008899,0.0,0.8333347459432667,-141.55404365527747,0.10144927536231885,0.56,0.5265488477366417,0.00625,1.175016579625192,118.43974676258841,0.10576923076923077
1.0,0.9983848478997764,0.052980132450331126,0.7750619762688065,-78.02084788061259,0.1076923076923077,0.35,0.46360728353995045,0.019867549668874173,2.668100878330841,99.47894442503888,0.14432989690721648
1.0,0.9956280770394612,0.0425531914893617,0.7828145020925898,-33.61269976252909,0.10714285714285714,0.8,0.6765919425013115,0.0070921985815602835,2.103839769856471,120.41026935292084,0.09411764705882353
1.0,0.9947496774635218,0.005780346820809248,1.4627452607009102,5.168333916570987,0.09210526315789473,0.31,0.47005861816760763,0.057803468208092484,2.891776900937445,100.66622780700335,0.1
0.254666667,0.31154471144699386,0.7025316455696202,10.0,-161.28497488309708,0.5,1.0,0.9893672095931005,0.0,0.7777265358321401,126.99337852700985,0.06944444444444445
1.0,0.9992232647062395,0.017241379310344827,1.9956579242108685,109.33882622760083,0.08,0.28600000000000003,0.4572903934776396,0.06896551724137931,2.3905087131186566,97.79872687551381,0.12337662337662338
1.0,0.9975122997041971,0.005952380952380952,0.7731906365512807,-90.3086977678761,0.09375,0.433,0.4804296286569946,0.023809523809523808,1.4607392568530375,85.56257433688228,0.10576923076923077
1.0,0.9994499470978409,0.006666666666666667,0.7946647175205499,-17.874425941984583,0.1,0.354,0.4533750967788605,0.013333333333333334,1.7510237805499342,80.98951045456279,0.11428571428571428
1.0,0.9973112003808784,0.0,0.7725191691628969,148.50644438592525,0.12,0.43,0.5455121336707758,0.024193548387096774,4.836964472304854,155.18281149806018,0.16279069767441862
1.0,0.9982701033152657,0.0,0.7244929546817038,-157.02713612812875,0.10294117647058823,0.76,0.6119600630784205,0.0,1.4162430032022035,127.39559000391449,0.07627118644067797
1.0,0.9977913939980358,0.005952380952380952,0.9215940138887686,-118.45928539511667,0.11267605633802817,0.54,0.47038889923338467,0.017857142857142856,0.9753552696176565,127.75416591194049,0.07317073170731707
1.0,0.9957077221208869,0.019736842105263157,0.8699914609861904,-154.16937622380266,0.09090909090909091,0.29,0.36234646986458563,0.02631578947368421,2.428968069336613,87.65219052667237,0.09174311926605505
1.0,0.998334986051635,0.006493506493506494,0.8786768551404781,-66.51063302198816,0.09375,0.64,0.6522269714396703,0.012987012987012988,1.1964645619659233,135.40321448409713,0.09411764705882353
1.0,0.9947766120407441,0.0,0.8743613221989962,92.39089910837899,0.0821917808219178,0.55,0.511325910254828,0.0064516129032258064,1.1472416407293313,106.57105845060458,0.11538461538461539
1.0,0.993822965807853,0.0,0.7289989032248609,52.36157855850145,0.11290322580645161,0.86,0.5986410202975491,0.02666666666666667,1.0769948718885483,106.95762407584772,0.09473684210526316
1.0,0.9931701398259177,0.1292517006802721,0.6266004850082089,-167.31270680106152,0.21333333333333335,0.64,0.5918024470267637,0.034013605442176874,0.8394162430202576,108.8621412683628,0.1038961038961039
1.0,0.9979122584107997,0.1588785046728972,0.9356188344863715,-161.1623007732564,0.2916666666666667,0.478,0.5764142079678043,0.037383177570093455,2.88855987842185,86.69753860948106,0.14084507042253522
1.0,1.0061150422072704,0.0,1.281700979994242,102.36646074014732,0.15254237288135594,0.83,0.7366720902766961,0.00684931506849315,1.8983244048453678,115.52472197902802,0.07317073170731707
1.0,0.9968085673831961,0.05343511450381679,0.7805757509239158,163.07362606566258,0.16363636363636364,0.54,0.44783047887121297,0.007633587786259542,2.400895935021457,123.78783404552883,0.17073170731707318
1.0,0.9935837954974642,0.012903225806451613,0.8397314471542274,123.67623879730652,0.08695652173913043,0.40399999999999997,0.49267967037992916,0.025806451612903226,3.126893467937332,108.9268590429835,0.16
0.326,0.3394547252759315,0.6966292134831461,10.0,166.71496745695669,0.5816993464052288,1.0,0.9023473357941603,0.011235955056179775,0.6615616900492877,143.1709806985844,0.07526881720430108
0.560666667,0.6011257937663369,0.16666666666666666,6.743346554875887,-156.51123124994047,0.22826086956521738,1.0,0.9861207208755494,0.014492753623188406,0.6780593862995591,179.97184326208136,0.14545454545454545
0.694333333,0.7596724259882225,0.391304347826087,10.0,116.2213285059334,0.3942307692307692,1.0,0.9721434237982501,0.028985507246376812,0.8222720094007603,127.65560392884646,0.11864406779661017
0.26899999999999996,0.3489984763713762,0.25333333333333335,10.0,-189.1948963589552,0.13008130081300814,1.0,0.9848779542573207,0.02,0.6733587062536414,132.40114137776874,0.1
0.790333333,0.7665108435034971,0.13924050632911392,10.0,-158.63928375478878,0.13559322033898305,1.0,0.9969372766571534,0.012658227848101266,0.7177537962832609,176.03152898945714,0.19047619047619047
0.32666666699999997,0.35665384242085457,0.525,9.105666029168594,-139.48824625256788,0.4421052631578947,1.0,0.9949427452499241,0.016666666666666666,0.6688829159215102,123.70168254041121,0.08695652173913043
0.418333333,0.44581148181465713,0.4883720930232558,10.0,-150.99374727249165,0.37777777777777777,1.0,0.997798394715352,0.0,0.880849201703903,125.6836969979565,0.0821917808219178
0.44,0.4495152577491094,0.567741935483871,10.0,-149.34602264316499,0.4351145038167939,1.0,0.9957688368321779,0.0,0.797408676718932,122.69104369419112,0.12698412698412698
0.396,0.46763081500863257,0.5360824742268041,8.121548667971517,-160.2745561948244,0.5147058823529411,1.0,0.9757832036768754,0.1134020618556701,0.6022336677920344,125.50390063372674,0.24242424242424243
0.8523333329999999,0.7800240912659465,0.14285714285714285,10.0,-153.74320091892704,0.13592233009708737,1.0,0.9777433318920887,0.0,0.6896606720966786,127.83465756851282,0.08064516129032258
0.332333333,0.4844019381142898,0.5912408759124088,10.0,-156.87062912244423,0.5299145299145299,1.0,0.9612517874093258,0.0072992700729927005,0.5486073923098929,153.60672924994049,0.09259259259259259
1.0,0.9953413041076217,0.0,0.9705530253255075,147.74235270347202,0.07936507936507936,0.66,0.535857131237019,0.018404907975460124,0.9833928511714629,123.60851243836815,0.06837606837606838
1.0,0.9959056680040955,0.0,0.8189835542955296,31.934070624351136,0.14516129032258066,0.36,0.41538881867445615,0.013157894736842105,1.3340600505528446,87.87945899590503,0.10576923076923077
0.5073333329999999,0.5313572274282121,0.26548672566371684,10.0,-173.8681845671877,0.21333333333333335,1.0,0.9421609398557237,0.017699115044247787,0.6657066101919277,155.0987927835772,0.16666666666666666
0.45899999999999996,0.5013493442842094,0.26282051282051283,10.0,-162.91993185580282,0.3063063063063063,1.0,0.9971864144786606,0.0,0.6349653229806766,121.97134577744089,0.10526315789473684
0.303333333,0.32789782400194073,0.5864197530864198,10.0,-144.93958192313622,0.5693430656934306,1.0,1.0125717567844643,0.0,0.9304710900835665,130.670637662175,0.10526315789473684
0.390666667,0.5373854166760539,0.3553299492385787,10.0,-154.4068525312236,0.22807017543859648,1.0,0.9494236839774338,0.005076142131979695,0.6981722848150561,120.6068164844221,0.08421052631578947
0.377,0.3774879702147888,0.17391304347826086,1.330948909352615,-131.16753361982973,0.1656441717791411,1.0,0.9279023706063716,0.06521739130434782,0.6547228001760158,175.7704989242497,0.2564102564102564
0.36466666700000006,0.42565044732788965,0.31901840490797545,10.0,-143.73331224166566,0.29770992366412213,1.0,0.9676705672484609,0.006134969325153374,0.7102594689499528,132.6795712667713,0.11475409836065574
0.427333333,0.5179940991643219,0.4875,10.0,-149.55093497082999,0.5193798449612403,1.0,1.0024675642268885,0.00625,0.8387821662994153,177.77474519742276,0.08450704225352113
0.305666667,0.36076004118157984,0.5789473684210527,10.0,-165.7001272994737,0.2185430463576159,1.0,0.9815068534047636,0.017543859649122806,0.6047076777893732,120.87686698086591,0.07792207792207792
0.333333333,0.09785144411689124,0.6818181818181818,10.0,24.45250658218994,0.49242424242424243,1.0,0.9293229590222098,0.006493506493506494,0.618601444866371,122.91048277587953,0.08955223880597014
0.367666667,0.4206590552927213,0.6451612903225806,10.0,-141.295583127968,0.5,1.0,0.9911747743726478,0.0,0.6728044535457601,133.9601904349493,0.11538461538461539
0.552333333,0.2642417603233849,0.6646706586826348,10.0,17.9802230561847,0.42857142857142855,1.0,0.9448507318834815,0.011976047904191617,0.7782499528081925,137.4241598274374,0.0821917808219178
0.29233333300000003,0.37003679739836226,0.15625,10.0,-153.5028295994672,0.1791044776119403,1.0,0.8829297357829483,0.0125,0.5127448262679213,143.278166484039,0.08
0.769333333,0.9857357616250121,0.17098445595854922,3.5352536368494274,-165.75739824542103,0.13432835820895522,1.0,0.9490260475802941,0.0,0.643033653000532,129.65958707378053,0.12790697674418605
0.315,0.3818090846969973,0.5514705882352942,10.0,-145.9872519923581,0.5625,1.0,1.0192114638988654,0.04411764705882353,0.48138505146584587,112.8167460604183,0.11864406779661017
1.0,0.996150137266195,0.0,1.301751126823573,-70.83047417888642,0.13559322033898305,0.255,0.33538334716999235,0.006896551724137931,1.8414911854033666,82.44205433319199,0.08849557522123894
0.538333333,0.9769565324827132,0.4588235294117647,9.506678170020528,-164.12211405085367,0.3576158940397351,1.0,0.9873194038066793,0.0058823529411764705,0.6739451593086045,139.74230152673897,0.13432835820895522
0.21733333300000002,0.22181425140200448,0.6439393939393939,6.421312816653366,-138.68347765347988,0.6271186440677966,1.0,1.0869403281586345,0.022727272727272728,1.4760798267156225,176.9358843471081,0.12727272727272726
0.46733333299999996,0.5297678882125971,0.6685714285714286,10.0,-166.85519216932465,0.5098039215686274,1.0,1.0147206149514056,0.0,0.7385595194235812,143.33467237506284,0.07142857142857142
0.35166666700000004,0.7243981881772856,0.6805555555555556,10.0,160.53400804536767,0.6492537313432836,1.0,0.9559667699865718,0.006944444444444444,0.5003726568271033,150.98001253847264,0.11320754716981132
0.203333333,0.22557084304063532,0.5973154362416108,10.0,-147.48276249117868,0.3816793893129771,1.0,0.9772877687689233,0.013422818791946308,0.6558884858726645,126.736188991338,0.09836065573770492
0.795,0.8476564730418101,0.06818181818181818,10.0,-157.1630258552512,0.1,1.0,0.9726348296177048,0.0,0.5027717640989813,180.46813198924963,0.18181818181818182
0.443666667,0.45405861317712903,0.2909090909090909,3.0118622145592284,-156.27087081014855,0.18110236220472442,1.0,0.96872294179162,0.0,0.7559670949969425,172.6306452871488,0.14864864864864866
0.897,0.9780959755771896,0.01282051282051282,4.590827357577629,-98.76919470244376,0.0898876404494382,1.0,0.9552845469813852,0.0,0.69098745113314,175.26272499118534,0.10526315789473684
0.659,0.7185300352139722,0.35,10.0,154.49326452071,0.3644859813084112,1.0,0.9774285935048022,0.007142857142857143,0.6306693559286282,155.11474041646278,0.14814814814814814
0.46033333299999996,0.5966923916243039,0.5833333333333334,10.0,-154.08058944180695,0.5,1.0,0.9360888336068095,0.020833333333333332,0.8716958542843151,125.82918505032933,0.06896551724137931
0.40766666700000004,0.4311947266549357,0.564935064935065,10.0,-152.4004795755643,0.5736434108527132,1.0,0.955548326176067,0.006493506493506494,0.6834743003256686,127.75038297171466,0.09859154929577464
0.359,0.5895904504247349,0.7,10.0,-151.5703636679816,0.6394557823129252,1.0,0.9656329218363188,0.011764705882352941,0.5613230258596525,124.23778422271955,0.08695652173913043
0.563666667,0.6856498675573077,0.44642857142857145,10.0,-163.29949709134274,0.49635036496350365,1.0,0.9518627375574402,0.0,0.6695471741573301,126.16614945737521,0.09859154929577464
0.250333333,0.30471438778303034,0.6,10.0,-144.59865688420655,0.4755244755244755,1.0,0.9807570953606422,0.013333333333333334,0.7474913129816381,177.9351073535356,0.140625
1.0,0.9979101126810872,0.0,0.7044913754862949,-82.32348730466545,0.09230769230769231,0.9,0.5696274428888126,0.024691358024691357,2.144369672104988,134.12059962561608,0.06481481481481481
1.0,0.9915089717458773,0.03896103896103896,0.9702659754003713,139.10547694870885,0.09836065573770492,0.78,0.7137198548570507,0.012987012987012988,1.2254661655636223,111.75317138716687,0.08888888888888889
0.34566666700000004,0.40365306496340425,0.36645962732919257,10.0,35.88395772101208,0.3358208955223881,1.0,0.9756474257464571,0.012422360248447204,0.8680838306050029,116.00163540182365,0.07352941176470588
1.0,0.9985501809505007,0.2222222222222222,0.2268132934344461,-153.7341816261064,0.28865979381443296,0.45,0.518173231190875,0.18333333333333332,0.96428776099225,147.08676922333422,0.30392156862745096
0.305,0.10194391999545366,0.639751552795031,10.0,67.31676143799336,0.25,1.0,1.126926710125146,0.0,10.0,172.56189589662512,0.09345794392523364
0.274333333,0.0018073435644753416,0.6352941176470588,8.915771377219935,-153.81253525629762,0.40268456375838924,1.0,0.940666924548954,0.03529411764705882,0.5746353666155286,129.66433465228937,0.0958904109589041
0.42466666700000005,0.47958357685765396,0.7177914110429447,10.0,163.9386986643487,0.19014084507042253,1.0,0.964599609103422,0.012269938650306749,0.634496072784977,146.75395442786981,0.1044776119402985
0.704333333,0.821957815935156,0.07947019867549669,10.0,-143.73059533211222,0.14953271028037382,1.0,0.9683969872855752,0.0,0.6323409290858151,115.14941811890866,0.08771929824561403
0.256666667,0.30731883458767295,0.47953216374269003,10.0,188.83177917943527,0.16666666666666666,1.0,0.9774021604626011,0.0,0.5883407567464531,126.8495149108362,0.07575757575757576
0.276666667,0.317873949277001,0.49635036496350365,10.0,-140.8617591836072,0.415929203539823,1.0,1.0157779955803448,0.0,0.673053153182198,137.89797842513616,0.1111111111111111
0.598333333,0.7113023517392719,0.4405594405594406,10.0,160.08400534982349,0.4174757281553398,1.0,1.0193978922269338,0.013986013986013986,0.8671246510008985,134.2050818372239,0.1016949152542373
0.599666667,0.6302010008021078,0.03468208092485549,8.586291366939639,-187.47922874088079,0.09803921568627451,1.0,0.9960363594076982,0.005780346820809248,0.6137854787274406,130.03090504502646,0.08695652173913043
0.282333333,0.33924546429633595,0.7678571428571429,3.7004325645159835,167.56983394203553,0.7741935483870968,1.0,1.0053908046538924,0.026785714285714284,0.7065076944088885,120.7989289263645,0.1935483870967742
0.371,0.48987420856746694,0.5736434108527132,10.0,142.301156980242,0.5327102803738317,1.0,0.9635908487707636,0.023255813953488372,0.7834322670590702,119.45323907317369,0.08
0.8886666670000001,0.8728299492192719,0.07633587786259542,10.0,52.05961034803326,0.11842105263157894,1.0,0.9800999326623421,0.015267175572519083,0.5889037834996712,119.160607504358,0.1111111111111111
0.528666667,0.564023779560036,0.6179775280898876,10.0,-150.81614925147215,0.6451612903225806,1.0,0.9626088010339489,0.016853932584269662,0.5332025364056987,124.57543663877235,0.1
0.47566666700000004,0.6002059855613544,0.6666666666666666,10.0,-166.4665293693053,0.46710526315789475,1.0,0.9185021874755039,0.005847953216374269,0.7088053325164676,125.43595516694964,0.07692307692307693
0.298,0.32488536365761683,0.7724550898203593,10.0,-152.00798447645974,0.7272727272727273,1.0,0.9944450135081975,0.023952095808383235,0.5466400077879954,137.43021185032907,0.09722222222222222
0.6,0.9792081099284579,0.5193370165745856,7.497335315854496,-158.32184243119787,0.4585987261146497,1.0,0.9728298801492495,0.0055248618784530384,0.7175676725185932,122.4314506642472,0.10666666666666667
0.430333333,0.43063687802957734,0.1348314606741573,1.1051223062089914,183.85189441128875,0.19298245614035087,1.0,0.9135810167000054,0.0056179775280898875,0.3582867330022075,120.91903421945364,0.14285714285714285
0.312333333,0.31702115132454417,0.6025641025641025,4.000997190983885,-151.84159063011742,0.5984848484848485,1.0,0.9315927646190296,0.0,0.5588502016674853,135.00808689561126,0.07575757575757576
0.41633333299999997,0.4876707368363244,0.5906040268456376,10.0,-145.00768982284,0.5172413793103449,1.0,0.9785000919345228,0.013422818791946308,0.7212137390272326,141.14319808349597,0.1702127659574468
0.34666666700000004,0.28126385255561454,0.24691358024691357,10.0,-121.73950755531075,0.2230769230769231,1.0,0.9241588418732384,0.006172839506172839,1.4539696987955057,116.37502336769278,0.0945945945945946
0.831333333,0.8659382446797906,0.423728813559322,10.0,-153.61685389837035,0.5307692307692308,1.0,0.976822090177699,0.005649717514124294,0.5917179246453256,118.23894453575264,0.08333333333333333
0.48100000000000004,0.5976933767318399,0.24375,10.0,165.16392134564302,0.20491803278688525,1.0,0.9829757646858716,0.00625,0.7436928437147471,122.72981068814607,0.078125
0.34466666700000004,0.546793837519777,0.3395061728395062,10.0,163.0689748526918,0.20567375886524822,1.0,0.9732994151615038,0.0,0.6428206181309741,180.09651667167242,0.12698412698412698
0.377,0.3557444564485849,0.34507042253521125,9.381985511129008,13.403270727060047,0.39316239316239315,1.0,1.0156981681228368,0.014084507042253521,0.728265996280817,138.88779048070614,0.125
0.212,0.011660651399030794,0.5844155844155844,9.82438633728953,-147.78327326608058,0.29850746268656714,1.0,0.9470593481167756,0.006493506493506494,2.036491330982098,125.30370552206605,0.08433734939759036
0.424333333,0.6808868392541941,0.5657894736842105,10.0,-159.87782852184708,0.512,1.0,1.0018568368367289,0.013157894736842105,0.7445315825505027,133.57898759803606,0.12903225806451613
0.47066666700000004,0.8408946043447701,0.53125,10.0,-164.05845317175414,0.3221476510067114,1.0,0.9915666729790783,0.00625,0.7977329035855785,120.39259072137789,0.07936507936507936
0.429666667,0.4189177033960508,0.8793103448275862,10.0,-146.15625725224112,0.75,1.0,1.0088647645589324,0.017241379310344827,0.779268039583515,131.70465850618365,0.1076923076923077
0.46233333299999996,0.48065598391490916,0.3879310344827586,5.172717659892312,169.42920122203543,0.4177215189873418,1.0,0.9632567427812387,0.0,0.6789628009600963,122.9454752565206,0.12195121951219512
0.23,0.26366554222563277,0.5345911949685535,10.0,-154.36427161303007,0.5149253731343284,1.0,0.9459056915836281,0.025157232704402517,0.6407700741643734,116.47776980304403,0.11475409836065574
1.0,0.9959804898808106,0.02158273381294964,0.6856597849009592,-137.81858791083488,0.10344827586206896,0.51,0.4709642728640608,0.05755395683453238,1.1561212320701162,127.30362815886585,0.08860759493670886
1.0,0.9983383432455813,0.1797752808988764,0.5365515745392464,33.840111419655415,0.21568627450980393,0.222,0.43942798321044463,0.20224719101123595,6.702383171013029,137.73765712355424,0.35714285714285715
1.0,0.9962159574602777,0.022099447513812154,0.8696672660697065,89.18834051466575,0.07317073170731707,0.23600000000000002,0.4453395817626023,0.027624309392265192,7.85082346859865,146.9134910376498,0.14012738853503184
0.323333333,0.1457137880800331,0.7195121951219512,10.0,23.666927368475257,0.41025641025641024,1.0,1.0033200089949028,0.006097560975609756,0.9272095046064752,132.5216496983919,0.08
0.231666667,0.21409748842149218,0.44692737430167595,8.085102638672103,-149.475079445502,0.5136986301369864,1.0,0.9741865330810832,0.00558659217877095,0.6084516799997608,128.82008353808425,0.10294117647058823
0.496666667,0.4964692566475883,0.3407821229050279,3.6410557493234417,-175.3631290922657,0.23870967741935484,0.315,0.3616897279477275,0.2681564245810056,1.2348446143408203,135.20433061434676,0.3228346456692913
1.0,1.0051093506575588,0.0,4.838656432093347,132.04947957394043,0.1206896551724138,0.64,0.5171705238279396,0.03496503496503497,1.5631180287194053,99.05470589434324,0.0851063829787234
1.0,0.9959493909269167,0.014598540145985401,1.4925493565613523,47.96212999988953,0.13953488372093023,0.322,0.38540783052391026,0.021897810218978103,1.6705390865160619,81.81950687666892,0.125
1.0,0.9975667426696021,0.02531645569620253,0.9004195497885011,-128.00205995907345,0.12121212121212122,0.55,0.5864031970080033,0.12658227848101267,1.0867027831046074,116.79043089597215,0.20512820512820512
0.29833333300000003,0.3879586475926735,0.7365591397849462,10.0,159.39461916969495,0.6107784431137725,1.0,0.9857127086664061,0.005376344086021506,1.0860584355922351,149.84695632621708,0.10344827586206896
0.532333333,0.49969759933812197,0.02027027027027027,4.173212079339492,-30.93656420724308,0.08860759493670886,1.0,0.933274286999201,0.006756756756756757,0.5914632329013723,133.85094281832554,0.09433962264150944
0.371,0.4135971306559974,0.7529411764705882,10.0,165.2877326978239,0.7013888888888888,1.0,0.9687833079282236,0.0,0.5600235617809871,117.57700607999632,0.08450704225352113
1.0,0.994230754967647,0.0,0.7734554765857093,65.59163632449891,0.1076923076923077,0.53,0.33008501099522963,0.01818181818181818,1.349539124789848,135.968995406045,0.09448818897637795
0.295,0.30140589951225627,0.7328767123287672,10.0,-158.79805545716465,0.6194029850746269,1.0,0.9546184177127329,0.0273972602739726,0.9316106743423977,120.69861194625392,0.14545454545454545
0.330333333,0.34747644037130243,0.6862745098039216,9.040853612077024,-143.23067040337486,0.6214689265536724,1.0,0.9372017122086677,0.00980392156862745,0.7033409306750371,126.61439950341092,0.06796116504854369
0.258,,,,,,1.0,0.9642653199192246,0.0,0.4942786814467721,129.29741293259627,0.10869565217391304
1.0,0.9952662763929518,0.006369426751592357,0.673887997197408,81.10495636748223,0.19117647058823528,0.67,0.5596267722149706,0.025477707006369428,1.4794948207740228,135.48819001722995,0.07207207207207207
0.574,0.599232649704264,0.3641025641025641,4.196888485260147,151.37196544064855,0.36054421768707484,1.0,0.9324456577514124,0.005128205128205128,1.059671706863876,163.32381524886426,0.06363636363636363
1.0,0.9934282740933686,0.007142857142857143,0.9540674027278621,-141.92143860631893,0.109375,0.43200000000000005,0.4758505373962552,0.0,1.6211246839519224,85.78622766674316,0.08791208791208792
0.821666667,0.7928753238179831,0.07386363636363637,9.563600557462093,-68.61808429041079,0.07377049180327869,1.0,0.9215138260803762,0.022727272727272728,0.7799206133459814,142.47480948628453,0.07446808510638298
0.261333333,0.1339285372830679,0.5575757575757576,10.0,-137.98862680313596,0.19310344827586207,1.0,0.9782578239563909,0.012121212121212121,4.114232662026193,137.00483321273327,0.09090909090909091
1.0,,,,,,0.69,0.5642524869631663,0.041916167664670656,0.7846965276980123,91.79227325104256,0.07894736842105263
0.44733333299999994,0.638500992571586,0.6375838926174496,10.0,161.56450476953557,0.432,1.0,0.9484142600636842,0.0,0.6490381193355544,119.38401635748231,0.1016949152542373
0.533666667,0.6501557170090747,0.49162011173184356,10.0,-152.5193006791789,0.4405594405594406,1.0,0.9981867314580644,0.00558659217877095,0.7753682654516196,132.88607063747384,0.09333333333333334
0.520333333,0.5791683254278063,0.5933333333333334,10.0,-158.65218151343893,0.5193798449612403,1.0,1.0045764359797664,0.04666666666666667,1.3538109267096077,127.733410822629,0.12903225806451613
0.776666667,0.8431628309447673,0.006134969325153374,9.293210814972738,-58.72470476109232,0.07692307692307693,1.0,0.9493867199555398,0.0,0.6344173174600383,138.59765055466306,0.09375
0.333666667,0.3561331555048593,0.5443037974683544,10.0,-153.64998607568532,0.536,1.0,0.9651761842474172,0.0,0.658883407296905,132.51850178829937,0.08620689655172414
0.309,0.3168891466041945,0.6968085106382979,6.564356852728089,-150.79029640366088,0.6139240506329114,1.0,0.9322207392763759,0.031914893617021274,0.846845055274071,120.52792941249501,0.07317073170731707
0.681333333,0.9063651808496815,0.2658959537572254,10.0,-166.0521561315233,0.2127659574468085,1.0,1.0028152381469162,0.011560693641618497,0.7789658274228027,179.4382131570502,0.13043478260869565
0.5146666670000001,0.557021802737062,0.1348314606741573,8.340271217794882,-156.66663671095156,0.1640625,1.0,0.9748402637007387,0.0056179775280898875,0.6023370129123861,119.70258213913229,0.13559322033898305
1.0,0.9950124167183383,0.0,0.6606771806262166,158.3237669338177,0.09090909090909091,0.62,0.5113357299834599,0.01015228426395939,1.4666141995570368,131.7459236552245,0.06428571428571428
0.48666666700000005,0.13187361356680286,0.7391304347826086,10.0,167.7722685986215,0.2345679012345679,1.0,0.9643078231485843,0.016304347826086956,0.7919085869597189,119.01405103971825,0.06666666666666667
0.728,0.783435759146377,0.1893939393939394,10.0,168.53879437716748,0.1276595744680851,0.32,0.6833725678061282,0.2803030303030303,10.0,150.0355130455162,0.23711340206185566
1.0,0.9934396665847679,0.006172839506172839,0.8485415061806963,-137.7071652464357,0.1076923076923077,0.39,0.3621900214406722,0.006172839506172839,2.696568674932365,133.32423235103653,0.0743801652892562
0.308666667,0.41238274635574723,0.07042253521126761,10.0,-185.3551498826915,0.07758620689655173,1.0,0.9447012331001586,0.007042253521126761,0.7816738777448409,121.89567484129972,0.12280701754385964
1.0,0.995158926409048,0.0,0.9153081848053091,39.04346154788125,0.08333333333333333,0.272,0.4080353440595098,0.03355704697986577,3.2314816795612877,147.8265079070464,0.104
0.46633333299999996,0.4176349652632095,0.39473684210526316,2.7870166823101803,103.19434882955915,0.6842105263157895,1.0,0.922689433123235,0.02631578947368421,0.7014099636251299,133.69798442961377,0.14285714285714285
1.0,0.9837500462965204,0.012658227848101266,4.539484847977466,-121.08042942618214,0.0847457627118644,0.34,0.46169495456074894,0.02531645569620253,2.798152397268636,105.69831989269653,0.08620689655172414
1.0,0.9954557714607716,0.07909604519774012,0.7994861185681492,141.1518272827685,0.20588235294117646,0.6,0.48375051228713106,0.011299435028248588,1.3785505660664248,125.95038085818656,0.07751937984496124
1.0,0.9926521697646709,0.006896551724137931,0.7890904719703828,19.502645030181185,0.12727272727272726,0.385,0.4272707931264991,0.013793103448275862,1.4893250856104878,85.60701780667287,0.10112359550561797
1.0,1.0061799353479666,0.004901960784313725,1.5441263158157001,-153.1308116772512,0.09574468085106383,0.62,0.5504216319637014,0.03431372549019608,1.4588027895372893,93.59409482296238,0.05426356589147287
1.0,0.9970920606503199,0.006134969325153374,0.7813054239654593,-102.8612832701275,0.07692307692307693,0.353,0.48277580746043,0.006134969325153374,2.0597280263641062,87.33524802666984,0.08943089430894309
1.0,0.9914878413658201,0.006578947368421052,0.9755453886651706,-133.6360810892728,0.0967741935483871,0.66,0.6510202498277119,0.039473684210526314,1.4930887862176296,102.50197441142902,0.10344827586206896
1.0,1.0042081210119314,0.007352941176470588,8.757522111992373,129.57078037871057,0.16666666666666666,0.44299999999999995,0.4896726853378206,0.014705882352941176,1.9052236443415396,142.6413527212508,0.12643678160919541
0.40733333299999996,0.6225153486466833,0.6158536585365854,10.0,-165.005998853025,0.43661971830985913,1.0,0.9727775837188265,0.0,0.7098109219588633,114.93177791215092,0.07246376811594203
0.557,0.9836172638497203,0.6855345911949685,6.4773031213172025,-151.455892118336,0.6597222222222222,1.0,0.9586744862079679,0.018867924528301886,0.2,141.15036247968732,0.109375
1.0,0.994141733443107,0.006535947712418301,0.7041671423270595,78.27488098342792,0.11290322580645161,0.444,0.47276043917464966,0.006535947712418301,0.9613266255109691,89.35027137661687,0.11904761904761904
1.0,0.9921738049444057,0.006711409395973154,1.3858559118462122,-19.771125390605647,0.08571428571428572,0.515,0.4888308485883966,0.020134228187919462,1.2610759262790328,101.48245196878595,0.14285714285714285
0.263333333,0.4330274523155234,0.544,10.0,104.27357411574616,0.45045045045045046,1.0,0.988924749417199,0.032,0.7610934250394965,122.84724455391743,0.1111111111111111
1.0,0.9950010872119,0.0,0.6635437923631158,-37.23708205927812,0.07246376811594203,0.62,0.6074073806639,0.005681818181818182,1.1119350994937602,101.88895923757394,0.11
1.0,0.9958272717690323,0.0,0.8857296878643892,-8.710255534493996,0.0958904109589041,0.33899999999999997,0.46225343882774095,0.03804347826086957,1.9174923218078064,98.68010987832233,0.09090909090909091
1.0,0.9976678527777911,0.06806282722513089,0.2,-143.88800223051896,0.16883116883116883,0.49,0.36428152956128673,0.020942408376963352,0.593609235403049,176.9220509496167,0.19444444444444445
1.0,0.9950393962487062,0.014084507042253521,0.6702251182727289,-166.0868247242209,0.09090909090909091,0.46799999999999997,0.5113416872576765,0.0,1.7041079344342283,112.21060077015579,0.11842105263157894
1.0,0.9981113096794508,0.006329113924050633,0.8480006360813594,159.42515608456827,0.16417910447761194,0.45799999999999996,0.5531448257793563,0.0189873417721519,1.5272425458950853,110.1167501322227,0.08823529411764706
0.8726666670000001,0.9301548535612184,0.01910828025477707,8.497617789107975,-168.0733199254807,0.09195402298850575,1.0,0.988509426330098,0.0,0.6558464363784651,175.06216048694307,0.15
0.528333333,0.9702796641757938,0.5303030303030303,8.425266320020237,-157.8169906884396,0.4864864864864865,0.38,0.4519085102922716,0.022727272727272728,3.9767863004387864,135.52566492870517,0.1111111111111111
1.0,1.000946220880057,0.011111111111111112,1.0758095108882781,162.02049913062424,0.08108108108108109,0.58,0.6185366018282128,0.016666666666666666,1.354617155519834,97.08552500458913,0.06481481481481481
0.571666667,0.4940132135263901,0.591715976331361,5.078835721581577,-154.90257213862304,0.7045454545454546,1.0,0.6781348142101762,0.005917159763313609,3.3573910669112,139.81223832947498,0.1
1.0,0.9941493469377721,0.007407407407407408,1.3482124379650393,-102.63594712030226,0.14285714285714285,0.64,0.6011420603349342,0.0,1.3353412961703195,104.96119434071974,0.1232876712328767
0.38299999999999995,0.43042084094479854,0.45,10.0,-144.28223660567545,0.411214953271028,1.0,0.9552244706217652,0.014285714285714285,0.8036161475373569,136.440951094971,0.10714285714285714
1.0,0.9967703293539667,0.0,0.8182660018334165,-141.46609973094888,0.10204081632653061,0.818,0.6741072525796563,0.015625,2.039820072816636,118.7432847930954,0.125
0.23800000000000002,0.24675967937161736,0.6858974358974359,10.0,-161.75751987744718,0.5214285714285715,1.0,0.9780935238591351,0.0,0.8174936361384584,124.34691127373509,0.08955223880597014
1.0,0.9866705437185033,0.006172839506172839,1.727433445982713,-95.50464377891088,0.07692307692307693,0.57,0.5542558775553554,0.006172839506172839,1.5671114228327867,115.79896814616575,0.0898876404494382
1.0,0.9910529287559138,0.0,0.6460887893651541,-117.95348875244056,0.14516129032258066,0.2,0.0028044089032803446,0.30113636363636365,0.6097213264023085,103.34436151110484,0.24404761904761904
0.561333333,0.629305477292445,0.543010752688172,10.0,-165.08067869316267,0.32679738562091504,0.49,0.4270089936948094,0.03763440860215054,1.2408805029861443,105.04891287401854,0.10077519379844961
1.0,0.9938043010931334,0.0,0.7979979966347379,6.216413223261824,0.12121212121212122,0.68,0.649379818005483,0.0,1.240649449810549,96.32418107304557,0.09782608695652174
0.235333333,0.24897536043109675,0.75,10.0,-143.32091596623633,0.65625,0.58,0.6892597605513702,0.0661764705882353,1.3263620401305536,106.17108470475264,0.1
0.275333333,0.31534202550738544,0.46107784431137727,10.0,-146.925138360726,0.3877551020408163,1.0,0.9252753593081169,0.011976047904191617,0.9575033389853066,128.30608247317758,0.1282051282051282
0.8533333329999999,0.8835767411449625,0.3333333333333333,7.301055107605719,-159.82273693631015,0.4431818181818182,1.0,0.9756522684151792,0.007575757575757576,0.6114848656425458,180.1725477477213,0.18181818181818182
1.0,0.9985837772245264,0.006896551724137931,0.7742448573099137,68.51784506045101,0.17647058823529413,0.34600000000000003,0.3785832186729807,0.027586206896551724,1.0817478219377101,101.93447564955898,0.11764705882352941
1.0,0.9948285411446166,0.015228426395939087,0.7229827049196498,-96.00017895273214,0.08860759493670886,0.39,0.381116026540299,0.025380710659898477,1.0416123033625402,135.0351913394449,0.07874015748031496
0.39799999999999996,0.49406339464056265,0.546448087431694,10.0,-158.3659037728869,0.379746835443038,1.0,1.0290429238874244,0.0,1.090690078883398,116.53165826276997,0.11363636363636363
1.0,0.9969171030717554,0.05027932960893855,0.9956620714007821,-133.77550510190926,0.08536585365853659,0.43,0.45593506310348814,0.01675977653631285,2.1827247130148235,85.83975302557485,0.10569105691056911
0.682666667,0.9501591372616993,0.26627218934911245,8.31371043973738,-162.54092282446322,0.27049180327868855,1.0,0.9409576565369617,0.01775147928994083,0.6423366864209422,119.1121796439564,0.1044776119402985
1.0,0.9952936677872489,0.0,0.9311089676971515,-139.50923302772628,0.11940298507462686,0.34,0.3726202228342164,0.0,1.3481218826920707,76.88353650511388,0.10185185185185185
1.0,0.9958182596167645,0.0,0.6308757259066172,-129.90694623565486,0.12280701754385964,0.5,0.48856724655275574,0.007407407407407408,1.1358990328861345,80.35954553478959,0.0945945945945946
0.36700000000000005,0.3713534811809106,0.7044025157232704,6.563878335730603,-158.55183984067844,0.5648854961832062,0.44,0.5377414213632431,0.08176100628930817,1.5218164441815052,104.10118536647164,0.14285714285714285
1.0,0.9988494201137309,0.006211180124223602,0.8151015203683056,99.90560468949496,0.09333333333333334,0.56,0.6031793796876127,0.006211180124223602,1.4505292837606574,106.30541381362877,0.09090909090909091
1.0,0.9946464579187153,0.0,0.9445245037158913,-49.69204344867937,0.08571428571428572,0.34,0.49676641529149046,0.017045454545454544,2.3416141852362276,105.26111071266311,0.09774436090225563
0.34033333299999996,0.38817297022816893,0.6071428571428571,10.0,-160.76996126093712,0.15671641791044777,1.0,0.9693455544372614,0.014285714285714285,0.7345600955713757,178.8778985862838,0.11475409836065574
0.24733333300000002,0.24019459769070484,0.0650887573964497,10.0,125.38119212228517,0.19708029197080293,1.0,0.9726607685067375,0.011834319526627219,0.6189270857997732,176.1154999490295,0.10144927536231885
1.0,0.9973713402488563,0.010638297872340425,0.6631605484126548,37.23227922279048,0.07228915662650602,0.5579999999999999,0.5845647882325683,0.005319148936170213,1.2843604976451253,157.59031447437786,0.102803738317757
0.38799999999999996,0.42011136343994143,0.23076923076923078,5.641962350458455,-151.77757721593042,0.265625,1.0,0.9504929986702584,0.0,0.6036280092594244,178.43938484882483,0.1
0.284666667,0.0737193765007313,0.38764044943820225,10.0,-17.661701176758406,0.29411764705882354,1.0,0.9398528413763109,0.016853932584269662,0.8673666006609073,119.27146914099258,0.07777777777777778
0.275,0.4026950628713438,0.4692737430167598,10.0,166.19485685308652,0.4189189189189189,1.0,0.9755701667018943,0.0,0.5605190987367599,119.5912591127369,0.08571428571428572
1.0,0.9959002556559582,0.014184397163120567,0.6485588295360901,29.80136602316111,0.10714285714285714,0.48,0.4994072766140814,0.0,1.1620864454903361,91.32574063372792,0.09859154929577464
1.0,0.9943450246443115,0.056,0.9737261034511583,-147.42045083266294,0.08,0.52,0.49958255724792006,0.008,1.99160330361371,87.65810558523243,0.10526315789473684
1.0,0.998282434432946,0.019801980198019802,0.44108854498400296,-81.69199275080851,0.09782608695652174,0.62,0.5971126958933359,0.01485148514851485,0.8801301841518057,154.25148054336015,0.0967741935483871
1.0,0.9978149062238179,0.0,6.893640556429158,90.03702692786803,0.07865168539325842,0.47,0.524206201953024,0.0,1.9208173889280082,96.65311202050073,0.08130081300813008
0.41966666700000005,0.2763398149051005,0.544,10.0,5.133825620304677,0.33,0.41200000000000003,0.4697897992887261,0.072,1.6737904950034856,123.45535131816158,0.16417910447761194
1.0,0.9965507764453454,0.005319148936170213,1.2892176976078007,96.02991778825998,0.0821917808219178,0.304,0.40312090475646567,0.015957446808510637,1.6759022363116867,108.4616728436072,0.09154929577464789
1.0,0.9965692276528254,0.0,0.7417179748418818,-90.84755484494809,0.07575757575757576,0.86,0.6816360436236351,0.011834319526627219,1.9338445385640262,120.35402543711163,0.07446808510638298
1.0,0.9921990874417119,0.07317073170731707,1.0235249434468003,141.55972762378812,0.18181818181818182,0.47,0.35534090542706576,0.04065040650406504,0.7867032042472807,99.4826398505892,0.1125
0.382333333,0.6267271675065871,0.6066666666666667,10.0,-154.17418678237775,0.5923076923076923,1.0,0.965767953624926,0.006666666666666667,0.9256710975873071,132.74247387945945,0.1111111111111111
0.373666667,0.45758590695557455,0.2391304347826087,10.0,-150.542564531153,0.2064516129032258,1.0,0.9835745602870266,0.010869565217391304,0.6028984882391537,147.4638096333345,0.07792207792207792
0.718,0.9162046042609111,0.13013698630136986,10.0,160.67804711252393,0.1262135922330097,1.0,0.9858206905330189,0.0,0.6131755031318167,125.87189749090436,0.12244897959183673
1.0,1.0002278827847524,0.0,0.9093580809088069,-57.52964031505523,0.07547169811320754,0.525,0.505479902485767,0.007142857142857143,0.9067625912912736,102.34138428359157,0.17307692307692307
1.0,0.9976831075353674,0.0,0.9915981278778379,-130.34932891233424,0.1016949152542373,0.33,0.43428779655842953,0.013605442176870748,3.2195126236760268,81.80885710470093,0.08403361344537816
1.0,0.9968517815278163,0.0,0.7120219210969478,-105.98582637969336,0.1206896551724138,0.47,0.5815702054573411,0.006493506493506494,5.235106773349818,149.37673174632732,0.0891089108910891
1.0,1.0014283057874651,0.005780346820809248,2.260128833939394,25.756364021462687,0.07692307692307693,0.5,0.36354022959151844,0.023121387283236993,1.5763317188515975,107.92456767341207,0.08148148148148149
1.0,0.9949032149406271,0.005555555555555556,1.3796857420795685,14.25699308804748,0.0945945945945946,0.8,0.6077687680548003,0.016666666666666666,2.6458517415565908,105.92729132128838,0.07920792079207921
1.0,0.9936202793132923,0.00546448087431694,1.3906266248729289,-50.63464163266772,0.07042253521126761,0.391,0.38527789194088363,0.0,1.3700351824093184,85.55514072945184,0.06766917293233082
1.0,0.9947830484962407,0.0,0.7070172365247549,-169.23154733851993,0.10144927536231885,0.67,0.5845472527941133,0.0,1.003766063877248,111.64065247959947,0.07317073170731707
1.0,0.998528105682229,0.0,0.7737663876444802,-101.82536885004014,0.1590909090909091,0.45,0.4416308295697015,0.008130081300813009,1.451267666782463,121.09890046775277,0.1506849315068493
1.0,0.9966848769228895,0.0,0.6740941174556204,-95.22255270988919,0.06944444444444445,0.57,0.5821400401839834,0.010869565217391304,1.0592199174231967,102.01611716521327,0.07142857142857142
1.0,1.0006803795328396,0.017543859649122806,1.447451708156831,-157.13157415195198,0.06153846153846154,0.59,0.5620058933128992,0.005847953216374269,1.5777129757639943,127.45681073814495,0.10185185185185185
1.0,1.0029064294250003,0.037267080745341616,2.490510406376843,-107.0450184700766,0.11764705882352941,0.46,0.34992482191053464,0.018633540372670808,2.2204087011374942,105.33399917083483,0.07317073170731707
1.0,0.992567507409535,0.0070921985815602835,0.7345951755434625,38.7661595848723,0.12244897959183673,0.38,0.44597659874456697,0.0070921985815602835,1.1865754417051317,140.7180013566142,0.08823529411764706
1.0,1.0065376399510761,0.0,2.023887523805365,-173.51182359776607,0.11538461538461539,0.27,0.4054030282081101,0.007462686567164179,4.404572558504348,94.90630271114726,0.10679611650485436
1.0,0.993912078195651,0.0,0.7659804308346723,74.3845263394389,0.10714285714285714,0.48,0.5317908096530626,0.0,1.9537003034009102,125.72681907606358,0.11538461538461539
1.0,0.9960818487866904,0.15060240963855423,0.8926220891352319,158.78073852894482,0.2839506172839506,0.499,0.5640642582940563,0.006024096385542169,1.0495370056196196,100.28364268324509,0.06666666666666667
1.0,0.9940178382037166,0.011764705882352941,0.7063512925825333,141.37123060764168,0.07792207792207792,0.57,0.6931273034362646,0.0058823529411764705,1.6825819487240528,151.65340713432897,0.09482758620689655
1.0,0.9959290843578189,0.0,0.6610732360782182,-130.0523530729251,0.07042253521126761,0.466,0.5095757128040025,0.006097560975609756,1.1601410743209095,152.96948622372014,0.07920792079207921
1.0,0.9949747615827155,0.06321839080459771,3.2619428701133573,-98.55028519160312,0.0963855421686747,0.2,0.5275592757723326,0.5919540229885057,10.0,156.83010142389128,0.3855421686746988
1.0,0.9972752619268113,0.014598540145985401,0.8615059419236332,-135.53614957893808,0.10909090909090909,0.55,0.5650629442303715,0.029197080291970802,1.626303962070255,102.90464551179127,0.1111111111111111
1.0,0.9848887958833666,0.23636363636363636,1.502417456639467,109.89352226357101,0.375,0.2,0.17037413057745546,0.05454545454545454,3.499381597226256,87.14551483361807,0.11450381679389313
0.7363333329999999,0.8193394211131743,0.01020408163265306,6.816987993523443,109.33028788425298,0.05982905982905983,0.57,0.46323688008680153,0.00510204081632653,1.1022003814363055,105.7810719044186,0.10071942446043165
0.28300000000000003,0.28618024627818023,0.7,5.798403813670819,-161.74502355592338,0.5298013245033113,0.4,0.46449839916316826,0.11764705882352941,3.4803319654401266,99.57370308209985,0.1271186440677966
1.0,0.9969396230781966,0.0,0.9920133191159811,48.17083154142213,0.11940298507462686,0.6,0.5944623888891524,0.0064516129032258064,1.062646318116125,87.5414332579708,0.0975609756097561
1.0,0.9960578574665582,0.005649717514124294,0.7851669637310587,-124.17285730657949,0.09210526315789473,0.27899999999999997,0.3195060600509227,0.005649717514124294,1.229868090868444,76.94261596438815,0.13709677419354838
1.0,0.9954968167365535,0.0,0.9960615439034676,168.6822768587483,0.09230769230769231,0.82,0.5069936618195904,0.039473684210526314,1.7010826043260414,134.77284599472972,0.06896551724137931
1.0,0.9978323805650412,0.00625,0.564477725014541,-142.89274295986644,0.08620689655172414,0.53,0.5888801339313356,0.01875,1.4374501263809731,113.92642396898384,0.07272727272727272
1.0,0.9961423590667822,0.0,0.8541132599003539,-152.12898927185552,0.12307692307692308,0.54,0.5407512117549366,0.0,0.9865198503351971,100.36203960182839,0.08433734939759036
1.0,0.9953802294840476,0.007633587786259542,0.8416819967662907,5.012420426820512,0.09836065573770492,0.57,0.5248827889811408,0.015267175572519083,1.1479016887560212,123.7716667202177,0.08888888888888889
1.0,0.9946424866835425,0.005917159763313609,0.9540168807464477,-169.6393734280921,0.08064516129032258,0.26,0.468157745709195,0.047337278106508875,5.075020042695033,145.69368099330262,0.09154929577464789
1.0,0.9970239870863785,0.023391812865497075,0.9493956189556725,-105.2823218453386,0.08823529411764706,0.65,0.5457870010633751,0.005847953216374269,1.433644035519955,101.47373689928864,0.078125
1.0,0.9972264773600822,0.012121212121212121,0.7275028073161203,-162.97205127007243,0.0821917808219178,0.405,0.5416595477948557,0.024242424242424242,2.518018404320992,146.74960004867154,0.08064516129032258
1.0,0.9934796674810225,0.005747126436781609,0.9143905787322026,-36.85713734593233,0.0958904109589041,0.396,0.45069230165635865,0.028735632183908046,1.197856336071064,90.84977978987379,0.10714285714285714
1.0,0.9921912465286641,0.38064516129032255,1.5497482494137085,-158.13455084229074,0.5052631578947369,0.69,0.5561606169977459,0.04516129032258064,1.396714635734882,103.45451004818976,0.10101010101010101
1.0,0.9925287317524004,0.0,0.7730769297938104,99.64478554600748,0.11627906976744186,0.439,0.4937451624798951,0.0,1.5487612476069563,82.88974124465702,0.15873015873015872
1.0,0.9950661445903234,0.0,0.9150678899353625,61.80877552773647,0.09375,0.7509999999999999,0.6104635443442799,0.0,2.592859203169323,125.63902054314701,0.08
1.0,0.9954526577981365,0.00641025641025641,0.8732814128582284,-54.4868128902309,0.09523809523809523,0.512,0.6156293280678345,0.01282051282051282,3.6854799724691234,128.64447651483903,0.10784313725490197
1.0,0.9886703902656782,0.13095238095238096,3.2266234101937252,-151.31791119323614,0.15730337078651685,0.55,0.5382952553455609,0.02976190476190476,2.36697326492573,91.65707750127272,0.09174311926605505
1.0,0.9796987949602071,0.19672131147540983,9.539752965388482,-103.52740426665117,0.25806451612903225,0.37,0.5044604467606737,0.21311475409836064,9.153223377059712,109.37453791708454,0.2727272727272727
1.0,0.9949108089616489,0.015503875968992248,0.6534451078265544,-121.7415320635223,0.11475409836065574,0.75,0.5737744888949515,0.023255813953488372,1.9185009946224192,130.67301445495772,0.10526315789473684
1.0,0.9948472926361295,0.0,0.7038472622459524,103.22082037671413,0.12121212121212122,0.662,0.6307383625758223,0.012048192771084338,1.8561552337544374,157.32526138823658,0.0891089108910891
1.0,0.9929392957604939,0.0,0.7425559686522462,41.302931817610826,0.09090909090909091,0.386,0.45801814157640613,0.05263157894736842,1.363036749961925,130.29542817819785,0.08163265306122448
1.0,1.0027587087989511,0.058823529411764705,1.4087745915482857,85.06361965956148,0.1527777777777778,0.82,0.786578179690201,0.006535947712418301,2.4600324917707863,163.7107012740749,0.1125
0.447666667,0.7513897246539114,0.5298013245033113,10.0,-163.80726147859536,0.5132743362831859,1.0,0.9625872604293165,0.0,0.7070305096540763,122.5385093726047,0.1076923076923077
1.0,0.9961907332721225,0.007575757575757576,0.7289435906243387,-163.3175912645528,0.15789473684210525,0.44,0.8240845635140597,0.030303030303030304,6.376249227009602,152.961216184125,0.1553398058252427
0.306,0.45452232350360106,0.6814814814814815,10.0,158.1267917375058,0.4406779661016949,1.0,0.9713298103325317,0.014814814814814815,0.8123618057094257,127.22492123262995,0.1016949152542373
1.0,1.0005757026757676,0.0,1.07485233621831,-30.150976856329066,0.078125,0.83,0.6281348883009485,0.023952095808383235,1.8904086740534276,125.51707559538214,0.07339449541284404
1.0,0.9946640699532753,0.012121212121212121,0.931363592594369,-145.59634829448356,0.08695652173913043,0.486,0.5553118473838726,0.030303030303030304,1.3521006925841281,105.60033878379622,0.09345794392523364
1.0,0.996288981379705,0.041666666666666664,0.8357693753675403,170.1758816753473,0.125,0.54,0.5718793968274823,0.006944444444444444,1.1732700671387104,110.99054941979193,0.11428571428571428
1.0,0.9965153779936434,0.0,0.6744037068677208,-130.78673940314036,0.10526315789473684,0.67,0.643141489135724,0.0,0.8935748182042639,112.72829804232171,0.11904761904761904
1.0,0.9958094452572015,0.0,0.8712881952071181,45.52582960521926,0.09722222222222222,0.414,0.5279408181458103,0.011111111111111112,1.9564512077367566,101.40477676307407,0.07518796992481203
1.0,0.995681444761587,0.0,0.8153396242356111,128.22995022774302,0.109375,0.299,0.36618054993788485,0.006024096385542169,2.436028108012961,143.5421818662986,0.07317073170731707
0.379,0.3811921845781875,0.7903225806451613,10.0,158.18755667934593,0.6457142857142857,0.77,0.6254922099807037,0.016129032258064516,1.3988779049681344,129.66912960539833,0.07377049180327869
1.0,0.9981351949239333,0.011428571428571429,0.6531061592407599,161.43158296796582,0.08974358974358974,0.59,0.5599840525443263,0.011428571428571429,1.3830984025100506,97.2301205101428,0.06363636363636363
1.0,0.9989609031109019,0.0,1.0475754742087269,-158.5612875437497,0.07352941176470588,0.272,0.4251041682385911,0.060810810810810814,2.488462515594493,145.28331923829882,0.10236220472440945
1.0,0.9898908535144358,0.0,2.1633707855118107,-55.61598738680598,0.07792207792207792,0.297,0.3491246457261176,0.0,2.330109663049878,85.39797095763805,0.07575757575757576
1.0,1.0000058550376485,0.0,0.2,129.3081529707148,0.1095890410958904,0.2,0.2155132206525329,0.953125,0.2,129.2210985929585,1.0
1.0,0.998746471378395,0.02127659574468085,0.617531011591439,-58.91665828706358,0.12280701754385964,0.52,0.6065739296109556,0.0070921985815602835,1.6664034181032352,151.6763346395219,0.08139534883720931
1.0,0.9941673291548023,0.03529411764705882,0.6823366914121153,-163.5353256484083,0.1111111111111111,0.66,0.567515305976723,0.011764705882352941,0.8850584606828772,143.0425841015516,0.1111111111111111
1.0,0.9982523864866096,0.006711409395973154,0.7498832423170443,-1.2032014335047876,0.11538461538461539,0.53,0.6407347156077352,0.0,4.388402139084618,159.20385186154152,0.1134020618556701
1.0,0.9939899624418512,0.19402985074626866,0.6267086190910679,-155.92268583604096,0.38095238095238093,0.55,0.6445121585393037,0.014925373134328358,1.4215547104587105,91.0974856340669,0.08641975308641975
1.0,0.9946641887361707,0.0,0.7485128965636667,-143.33825812482382,0.0847457627118644,0.81,0.5884843433821721,0.01948051948051948,2.0361811673237167,136.10363502853858,0.07547169811320754
1.0,0.9961943999311746,0.0,0.9120023809894662,-163.18367595818737,0.11864406779661017,0.46,0.492996290604898,0.020134228187919462,1.5709948602959733,96.353200331535,0.15555555555555556
1.0,0.996064973851126,0.0,0.6998148169869532,-140.9537349144845,0.08823529411764706,0.7509999999999999,0.7040454717318041,0.0,0.7668315025720911,120.06235176125432,0.10204081632653061
1.0,0.9934473999949973,0.024193548387096774,0.7739959481658537,-18.665820245110183,0.10638297872340426,0.5,0.5241102607032363,0.04838709677419355,1.252275265065434,125.74634430174598,0.08196721311475409
1.0,0.9935167046055825,0.005813953488372093,1.3805485716509716,83.81636130551115,0.09230769230769231,0.327,0.44713844728825647,0.01744186046511628,1.618869973600015,87.84503368758065,0.08088235294117647
1.0,0.9974892641487606,0.0,0.9200582428244001,64.30474364376904,0.10256410256410256,0.66,0.6881949216391968,0.0,1.256389493507755,103.09224056903739,0.0989010989010989
1.0,0.997017997410487,0.00684931506849315,0.5985315942732139,-61.88847821102751,0.08771929824561403,0.84,0.6868271956796828,0.0,2.0370407214744004,136.46892655630614,0.08695652173913043
1.0,0.9938626600020548,0.0,0.9804222998489227,144.84263248595144,0.1016949152542373,0.418,0.5188379222581839,0.0,1.8477137396051806,95.96781150955489,0.0891089108910891
1.0,0.9947229768918885,0.0,0.8542626172231148,-123.41742312659787,0.0759493670886076,0.498,0.5445211665091747,0.010810810810810811,1.1693840905895339,97.07761313072984,0.125
1.0,0.9954621522992686,0.006944444444444444,0.8230447496452804,-140.72993793480924,0.10714285714285714,0.43799999999999994,0.5048814274735226,0.041666666666666664,1.4618773724807497,88.44191003382937,0.08888888888888889
1.0,0.9898706123051493,0.0,0.6903215120817848,49.77862605670711,0.13559322033898305,0.87,0.6598020895323669,0.007246376811594203,2.069378079008745,95.74888354689791,0.14102564102564102
1.0,0.9975961325997166,0.013605442176870748,0.7628309431297877,-174.70750773053496,0.10606060606060606,0.56,0.634163851134782,0.0,1.4168937202580374,115.62919450359894,0.10752688172043011
1.0,0.9952794852516231,0.0,0.7475156099552447,-138.93562997770812,0.11475409836065574,0.397,0.4800778018123376,0.0,1.7403002820994717,91.26301105514963,0.10576923076923077
1.0,0.9951864244311809,0.17006802721088435,0.7801637158964216,-157.87707920515524,0.2972972972972973,0.64,0.5528972130236132,0.013605442176870748,1.8502664667306457,120.14944965665967,0.10112359550561797
1.0,0.9964226158046728,0.0,0.8591655414757857,-161.842626557436,0.09090909090909091,0.65,0.5654678350138562,0.0058823529411764705,1.1121887735209794,97.42644047565861,0.08943089430894309
1.0,0.8463739027542468,0.10897435897435898,10.0,-99.71913922751675,0.07142857142857142,0.415,0.6036379018933995,0.03205128205128205,3.7240333447421863,146.84186254456876,0.10526315789473684
1.0,0.9946690215752888,0.027586206896551724,1.0343695000868827,108.90770426319918,0.13559322033898305,0.447,0.5111562359075251,0.034482758620689655,2.538055697698899,87.64124110368377,0.13333333333333333
1.0,0.996716010262896,0.0,0.9786795204872065,-31.766025182328974,0.11940298507462686,0.73,0.6289013897484129,0.005847953216374269,0.9343829720545263,120.77802636324097,0.07317073170731707
1.0,0.9942560723112858,0.018518518518518517,1.3710333496891465,-73.95597493980159,0.09375,0.257,0.45324817700356906,0.030864197530864196,6.206091669806596,143.90568213553658,0.11363636363636363
1.0,1.005052407337515,0.496,10.0,-149.12961126223837,0.4787234042553192,0.54,0.41948754069554406,0.0,5.3153957248390045,153.27480927185402,0.10752688172043011
1.0,0.9922956547023722,0.015748031496062992,0.8566131220937797,170.88460681512294,0.10344827586206896,0.6,0.5608152792052151,0.015748031496062992,1.9530232966166186,119.68792488360401,0.09230769230769231
1.0,0.9955214128381098,0.0,0.908045097840789,-100.62309787434016,0.11666666666666667,0.284,0.4475571905323081,0.05,2.7279201261258206,94.65744232389562,0.09243697478991597
1.0,0.9960891739540092,0.0,0.6019831466034424,-158.73339771927417,0.14285714285714285,0.43,0.42605840008026225,0.007518796992481203,0.9054941712611689,123.19916897031752,0.11594202898550725
1.0,0.9966617883645441,0.0,0.6711799455559025,-78.21897274419194,0.14035087719298245,0.433,0.44919651137717487,0.0,1.070095336932142,152.4594259395877,0.14473684210526316
0.33399999999999996,0.3798623185981343,0.18888888888888888,10.0,-178.83077291806717,0.11486486486486487,1.0,0.949632197555363,0.0,0.7531174868063275,112.11888474832682,0.08139534883720931
0.491,0.8571649859202273,0.6043956043956044,10.0,167.53261368169902,0.5833333333333334,1.0,0.9102899465668483,0.016483516483516484,0.49580772126523825,137.41080049937202,0.07920792079207921
0.8809999999999999,0.9541590845141679,0.1893491124260355,8.291304198502878,-153.03553075814716,0.18584070796460178,1.0,1.0018924713400539,0.011834319526627219,0.9664120540020986,146.0818979656646,0.08450704225352113
0.27,0.21352341227142244,0.08139534883720931,10.0,75.5260734499784,0.08163265306122448,1.0,0.9675140976464467,0.023255813953488372,1.0114426007634214,175.60112732184194,0.10256410256410256
0.395,0.42030703720796003,0.07602339181286549,8.706288075803217,-152.59057278207274,0.12149532710280374,1.0,0.9636114548270153,0.0,0.6162459219288533,130.56602593781955,0.09090909090909091
0.45333333299999995,0.4673405905078352,0.518918918918919,10.0,-145.59665505763644,0.47297297297297297,1.0,0.9779357554039377,0.021621621621621623,0.6319992752806551,176.5591858737874,0.1125
0.535,0.7478756354597036,0.41899441340782123,10.0,-164.27127137854774,0.3181818181818182,1.0,1.0062510397316176,0.00558659217877095,0.5545419489945662,180.02380827209743,0.14705882352941177
0.52,0.614194841503003,0.32653061224489793,7.480121354213916,-146.84342580974788,0.3867924528301887,1.0,1.0181142515260353,0.006802721088435374,0.8287040649752133,118.04018658629687,0.10909090909090909
0.377,0.3568451414279108,0.6204819277108434,3.0710314579682265,-108.62148238032442,0.7559055118110236,1.0,0.9891150954763906,0.0,0.6786207996428012,117.36626201680765,0.08695652173913043
0.738666667,0.8483254290094,0.022388059701492536,10.0,-131.36422972387825,0.0967741935483871,1.0,0.9612908359810456,0.007462686567164179,0.6924281040890552,150.98030713971423,0.16326530612244897
1.0,0.995898147593343,0.0,1.3261566606379864,-163.72662382229748,0.13333333333333333,0.382,0.4923735292886946,0.012738853503184714,4.317507191879418,151.14602186781306,0.10619469026548672
0.46966666700000004,0.4713178261717461,0.6708860759493671,10.0,125.38311689797263,0.48872180451127817,1.0,0.9604108963065431,0.012658227848101266,1.3317573508699099,179.97216701220833,0.09411764705882353
0.8666666670000001,0.8845756361398003,0.41578947368421054,10.0,89.14078511430705,0.46153846153846156,1.0,0.9744375573772204,0.005263157894736842,0.8331781136598857,141.82902925431125,0.09302325581395349
0.29600000000000004,0.3001781100054444,0.6753246753246753,10.0,-160.92370954070932,0.5877862595419847,1.0,1.0061041190572428,0.012987012987012988,0.7286352252417628,132.58821595189406,0.10526315789473684
1.0,0.9993084187094129,0.0,0.6403529939673558,-169.87923177334122,0.14814814814814814,0.38,0.5213946823503373,0.0,4.289592444168459,155.4410994156122,0.1320754716981132
0.475,0.5736844442758227,0.4420289855072464,9.600020633031917,-155.46022226739694,0.5128205128205128,1.0,0.9808828162731444,0.014492753623188406,0.6339804313298636,130.8045613163481,0.17307692307692307
0.47200000000000003,0.6066663335828653,0.37037037037037035,7.6925965657555215,-158.6605447587393,0.42063492063492064,1.0,0.9609145504040179,0.0,0.6259085232714883,122.11457577423892,0.09090909090909091
0.508,0.5630263430332455,0.20915032679738563,10.0,-158.22022638263192,0.24369747899159663,1.0,0.9626977743746644,0.0,0.6688478549191061,115.14853294348282,0.07692307692307693
0.7483333329999999,0.7871481071670522,0.023668639053254437,7.9833833614426695,-101.12568184106433,0.10101010101010101,1.0,1.0125227410789346,0.0,0.7004033050565036,144.93273480370686,0.1
1.0,0.9999530853175975,0.08045977011494253,0.2,105.62826757299433,0.14285714285714285,0.447,0.4532116258073568,0.07471264367816093,0.677572433470648,144.35076598053575,0.24444444444444444
1.0,0.9989191196319754,0.037037037037037035,0.9658012648600126,-66.49008194557727,0.12962962962962962,0.38,0.5146949302692919,0.05185185185185185,2.6312126980008728,115.88855634560684,0.13978494623655913
1.0,0.9932817537520492,0.0,0.737079815377782,39.548103023805155,0.09230769230769231,0.72,0.5471640798137247,0.01818181818181818,1.642807258742932,107.96080032715216,0.07894736842105263
1.0,0.9969938420595846,0.005988023952095809,0.8463904447124508,-107.83876523089046,0.11940298507462686,0.42700000000000005,0.5559692071815996,0.0,1.9836126493000303,109.44706109745243,0.072
1.0,0.996559474164426,0.0,0.9504965872703088,-149.00699000265297,0.08955223880597014,0.52,0.4771277504537544,0.0,1.1411290896834285,110.00753484522966,0.08653846153846154
1.0,0.997942306366697,0.0,0.6986654369376833,141.91468980172112,0.10144927536231885,0.47100000000000003,0.5233745594745006,0.0,1.4145768092995599,97.94310875376884,0.0898876404494382
1.0,0.9963209069507233,0.0,0.736554174840026,-162.56365305551668,0.08571428571428572,0.332,0.4998491306999102,0.03821656050955414,3.210118021694196,86.29075463693013,0.08870967741935484
1.0,0.9944768790030911,0.011904761904761904,0.7965145157735575,-10.991596316393895,0.06578947368421052,0.88,0.6500869208234343,0.005952380952380952,2.703316084102474,103.8578279864222,0.10679611650485436
1.0,0.9924882405713673,0.0,0.9365850097017695,-70.45095308827239,0.10526315789473684,0.3,0.47351128702389983,0.05555555555555555,3.00147129492909,105.48564060491302,0.09482758620689655
1.0,0.9961398478783527,0.0,0.6666214201836344,-102.15399520722914,0.08450704225352113,0.59,0.5435570615871119,0.005917159763313609,1.0505012609042452,83.91935070353253,0.12941176470588237
1.0,0.9848665542364796,0.0,1.9124974645811124,-118.53004327585813,0.07042253521126761,0.46,0.4482815498777812,0.0056179775280898875,2.038435003851133,98.43600289834535,0.0847457627118644
0.700333333,,,,,,1.0,0.9728673323932805,0.0,0.9473357624999357,148.105010278935,0.2222222222222222
1.0,0.9968732508373996,0.010810810810810811,0.7806984569986674,-90.97863728165302,0.15217391304347827,0.47100000000000003,0.5332992800585153,0.010810810810810811,1.3827995962265007,155.87278984378003,0.09848484848484848
1.0,0.9964124755386954,0.006993006993006993,1.0611422382239066,160.4086265345965,0.10526315789473684,0.63,0.6000048307150301,0.013986013986013986,1.9272315149513681,173.70783328419265,0.0989010989010989
1.0,0.9969415343261281,0.2,0.7060635215752394,165.96443997792508,0.2967032967032967,0.68,0.5921269530578012,0.02,0.9846630455799111,116.56850753908839,0.07476635514018691
1.0,0.990330098568992,0.0,1.1531127041072256,-148.5237055199732,0.14285714285714285,0.56,0.6880132124210465,0.006944444444444444,1.8989509776451483,161.95994714334466,0.10638297872340426
1.0,0.9951594955945958,0.0,0.9244195516394103,-153.61470249393602,0.09090909090909091,0.81,0.6086871700372034,0.01935483870967742,1.6847375060217762,136.31932725417977,0.08737864077669903
1.0,0.9963741369059591,0.013422818791946308,0.740466310046587,-116.84673725448032,0.08620689655172414,0.73,0.7043604646260059,0.020134228187919462,2.586408049333795,101.50501736525133,0.13157894736842105
1.0,0.998789555128922,0.044444444444444446,1.3319685542575497,-21.445104333736168,0.12,0.35,0.6433634162889588,0.24444444444444444,10.0,152.10778411358984,0.24324324324324326
1.0,0.9950702759662566,0.006578947368421052,0.6004765978181026,-163.93418326669052,0.09375,0.75,0.6030751281180133,0.019736842105263157,1.5364143023132026,122.52258794274516,0.13253012048192772
1.0,0.9971138196315541,0.013071895424836602,0.7633891619829196,76.05107726717404,0.09836065573770492,0.52,0.5722984249199877,0.013071895424836602,1.6675475853817816,96.3475224676803,0.10344827586206896
1.0,0.9887396974539708,0.012195121951219513,1.767155648007619,93.64531737348494,0.14634146341463414,0.26,0.37739314859699546,0.042682926829268296,4.466849432989398,95.0938911614016,0.09420289855072464
1.0,0.9948938998208945,0.011363636363636364,0.6479641894548417,-121.03497657714396,0.08695652173913043,0.358,0.4512472209171182,0.011363636363636364,2.3298977480605036,84.57004364525672,0.07352941176470588
0.47266666700000004,0.5244986250816257,0.6646706586826348,10.0,-163.57622221811081,0.6690140845070423,1.0,0.9753757831852681,0.029940119760479042,0.6324240699581316,120.12375778898854,0.11764705882352941
1.0,0.9964057851915555,0.006896551724137931,0.6023249457711137,-54.77371687950859,0.09523809523809523,0.382,0.42891390748530384,0.013793103448275862,1.164947987985431,96.04767813699488,0.09
1.0,0.9975112516266506,0.026143790849673203,0.81969004571293,27.666813085009608,0.07936507936507936,0.379,0.4322112863149643,0.026143790849673203,1.1720532033740403,92.93281719227565,0.10843373493975904
0.251,0.2617706077761111,0.8432835820895522,8.799179185451774,-141.4672450520637,0.8067226890756303,1.0,1.0047877633897153,0.0,0.6527588449484651,128.53090169711882,0.13725490196078433
1.0,0.9987265321767494,0.0,0.7945788973082312,-143.31949370021346,0.14,0.341,0.39255433228989595,0.028368794326241134,1.7179628010077461,96.1353055225661,0.11392405063291139
0.322,0.4704835159392239,0.5402298850574713,10.0,-147.9927804711692,0.5608108108108109,1.0,1.0099121463811984,0.011494252873563218,0.7379447695582254,181.77564638072226,0.08536585365853659
1.0,0.9958900176464657,0.013513513513513514,1.2137077199415256,162.35992245334467,0.11864406779661017,0.44,0.5873629225825477,0.006756756756756757,3.9325922733087317,119.73849366865517,0.08035714285714286
1.0,0.9919075723166294,0.006493506493506494,2.391282845409625,153.8973695628179,0.12162162162162163,0.28300000000000003,0.48858632316503386,0.07142857142857142,3.666148490833753,145.90730184223287,0.16666666666666666
1.0,0.9936396983722946,0.0,1.113400747106119,75.18753015252227,0.08108108108108109,0.37,0.36035376921951556,0.005555555555555556,0.900607236067565,99.7207222088928,0.08
0.26666666699999997,0.2561260417264693,0.672514619883041,10.0,39.331125858803375,0.4936708860759494,1.0,0.9316607839530141,0.005847953216374269,0.8722384555187962,121.91422349281214,0.06896551724137931
0.2,0.017489275112448178,0.43529411764705883,10.0,-73.01871131671393,0.38509316770186336,1.0,0.9611783655660949,0.0058823529411764705,0.5164340527715691,125.88981615208601,0.1
1.0,0.9954200974736711,0.027777777777777776,0.9180242056171306,-177.55538554348107,0.13157894736842105,0.462,0.5680059568282807,0.037037037037037035,1.7951201972481696,91.96654526344248,0.13432835820895522
1.0,0.9996858317955607,0.3010204081632653,0.2,-163.36711889681817,0.6710526315789473,0.55,0.43943321861903434,0.05102040816326531,1.0368853889722311,97.86365560055813,0.08928571428571429
0.374666667,0.3976301945404879,0.019736842105263157,7.020270744933429,-171.6857130073318,0.0967741935483871,1.0,0.9832020056946669,0.013157894736842105,0.5551210119392419,117.10811428671897,0.12307692307692308
1.0,0.9917247344387301,0.016129032258064516,0.6226835718211101,85.81747506025002,0.125,0.457,0.4494378583627596,0.024193548387096774,0.8864889077165055,111.66704114692006,0.16666666666666666
1.0,0.9958852511186501,0.006097560975609756,0.6494884258595691,-45.52583894216227,0.09230769230769231,0.72,0.5888097471070816,0.012195121951219513,1.6222990929658474,108.15124227639143,0.0761904761904762
1.0,0.9961012476373966,0.027624309392265192,0.7666722512404511,-155.4260534902632,0.0875,0.5,0.5126306084049954,0.0055248618784530384,1.5993168233788977,107.86565202005266,0.09243697478991597
1.0,0.9955228945673542,0.0,0.6176661047456199,-71.75084770421928,0.1206896551724138,0.41,0.4456599529728907,0.03680981595092025,1.4248191883536698,127.09360691403523,0.07766990291262135
0.35066666700000004,0.436546593881116,0.5686274509803921,10.0,-146.80431104151808,0.48484848484848486,1.0,0.9789401488710949,0.0,0.7043673231649329,178.74694292343432,0.1323529411764706
0.239666667,0.13969654766655382,0.4966887417218543,10.0,-34.20966795366358,0.3597122302158273,1.0,1.00357047766447,0.013245033112582781,1.0027377759247893,116.18432958064832,0.08823529411764706
1.0,0.9979628077654656,0.006535947712418301,0.5137311081866448,175.16966955958947,0.10714285714285714,0.54,0.5108375342137139,0.0196078431372549,0.874497070000305,180.82192311435938,0.09090909090909091
0.480333333,0.5042717067982276,0.5548387096774193,9.794291836766831,144.63458386483487,0.5078125,1.0,0.9601803607904698,0.03225806451612903,0.6583886250434242,180.1525423447557,0.18867924528301888
1.0,0.9948473600194407,0.0,0.656304548978006,-133.74629386733687,0.07575757575757576,0.63,0.602140416939078,0.033783783783783786,1.0798716492205633,122.92300671353648,0.1095890410958904
0.448666667,0.44575046487268893,0.5507246376811594,10.0,-93.412124042246,0.41935483870967744,1.0,0.9921794772094154,0.007246376811594203,1.085517736710366,117.75985756218138,0.1206896551724138
1.0,0.994946694840552,0.006211180124223602,0.7181408481005404,-73.18689835774929,0.09375,0.48200000000000004,0.47882796309234144,0.037267080745341616,0.7258549970452765,93.39195066809125,0.15942028985507245
1.0,0.9956728557372106,0.15625,0.6867100787737735,158.32626865655575,0.3,0.385,0.48758486193317685,0.0375,1.6336568083203635,152.1991508936623,0.08108108108108109
0.5186666670000001,0.6648056061918378,0.5327868852459017,10.0,-149.60141937350411,0.5463917525773195,1.0,0.9948735689463226,0.0,0.6805880446477975,118.67812174221221,0.14285714285714285
0.46666666700000003,0.6734120491729724,0.4864864864864865,10.0,-147.20288700701437,0.3464566929133858,1.0,1.0013977571488026,0.013513513513513514,0.8978354253471794,179.7992867591587,0.1044776119402985
0.281,0.10092602855982996,0.514792899408284,10.0,-50.29594675128193,0.42207792207792205,1.0,0.9327549924087829,0.005917159763313609,2.38445723516718,172.2318413303591,0.2
1.0,0.9971745490315758,0.043209876543209874,0.5617102892958007,51.51874433391532,0.08695652173913043,0.466,0.5557853634142681,0.018518518518518517,1.4142049111437482,86.88839429179126,0.10476190476190476
1.0,0.9959197726155433,0.00625,0.6353495117215778,116.71733915943128,0.11475409836065574,0.62,0.5409781713125381,0.0125,2.034561684825837,136.62187494100502,0.09183673469387756
1.0,0.9952781800911985,0.006060606060606061,0.7197587322844514,-151.98547539636314,0.109375,0.55,0.5319722412731444,0.03636363636363636,1.089778436991395,93.59821430119317,0.08247422680412371
0.368333333,0.39718233674894543,0.66,10.0,-161.98941176840626,0.5142857142857142,1.0,0.979697366955686,0.013333333333333334,0.6198653381016928,152.50971774436758,0.10144927536231885
1.0,0.9969254110292318,0.0,0.7383947102216566,-164.10649062893367,0.10294117647058823,0.53,0.6807828423485607,0.0,5.992830495270538,99.4605808598554,0.0859375
0.318333333,0.3387885601442075,0.6369426751592356,10.0,-151.1444331810735,0.42567567567567566,1.0,1.0222161445957176,0.012738853503184714,1.5543811784946298,116.32325216625485,0.08695652173913043
1.0,0.9964084374892147,0.0,0.6455784030859267,33.21735362886656,0.11627906976744186,0.598,0.547017595580532,0.016260162601626018,2.124563614854865,112.89567402847486,0.12698412698412698
1.0,0.9890301340573079,0.13836477987421383,1.1456187874109007,167.99272039801482,0.2857142857142857,0.68,0.5891668802535067,0.025157232704402517,1.012736890750347,105.08642339700194,0.10989010989010989
1.0,0.996067744853557,0.0,0.7291331939721716,-117.97954835729402,0.0975609756097561,0.85,0.811656180963151,0.011560693641618497,3.00677347477527,162.79944197763604,0.07692307692307693
0.409,0.45822502062053366,0.13333333333333333,10.0,188.9217664455769,0.14655172413793102,1.0,0.9584695092380348,0.02,0.5734109894920373,133.01481137339962,0.11764705882352941
1.0,0.9944233690929639,0.0,0.6867155342912856,-160.20279337634358,0.09090909090909091,0.7,0.6652330447287587,0.03937007874015748,1.8691647275544578,138.66788981663524,0.09859154929577464
0.6273333329999999,0.6472714258454185,0.11724137931034483,10.0,-117.76792032557269,0.0673076923076923,1.0,0.9821895635935216,0.013793103448275862,0.6634889543451022,141.41713118808948,0.13114754098360656
1.0,0.9986083349499995,0.006666666666666667,0.7180033745019394,-168.91855166513818,0.09523809523809523,0.55,0.590079245812992,0.006666666666666667,0.997982499571388,103.03136128763629,0.07894736842105263
0.439333333,0.6239276235038208,0.72,10.0,-159.26575640103022,0.5633802816901409,1.0,0.9781479292037584,0.02,0.7898097307129489,120.63821645164414,0.125
0.42466666700000005,0.5551022472205978,0.6737967914438503,10.0,-158.35906922896348,0.5688622754491018,1.0,0.9241886511219798,0.016042780748663103,0.6617210198491879,121.11216463368407,0.0891089108910891
0.39299999999999996,0.42267653822913104,0.5900621118012422,10.0,-149.7725494240638,0.5912408759124088,1.0,0.9534848838686351,0.031055900621118012,0.46665941196679833,178.11554917572573,0.1111111111111111
0.289666667,0.2900578522061495,0.7730061349693251,2.780347078914011,-157.2804136121036,0.7132867132867133,1.0,1.012647622454865,0.018404907975460124,0.9513478357512426,180.99353609876704,0.09859154929577464
0.8859999999999999,0.8613902920209341,0.17708333333333334,9.836380671255775,-147.79231909959876,0.2288135593220339,1.0,1.0089569547256392,0.03125,0.7221588863193378,129.55168797814005,0.09523809523809523
0.300333333,0.3626547341920566,0.38235294117647056,10.0,190.11956320389953,0.13194444444444445,1.0,0.9718742540781428,0.0058823529411764705,0.7950791546870214,129.258634720718,0.09859154929577464
0.423,0.40756432917294844,0.79375,10.0,119.5244736975169,0.6174496644295302,1.0,0.9837573388576311,0.0375,0.7213670429844502,128.56581098768936,0.09375
1.0,0.9982435795385896,0.0,0.7116340998864913,-128.16075667122445,0.09259259259259259,0.73,0.6784928051111524,0.0,1.428632884003109,103.38583235108003,0.08333333333333333
0.47266666700000004,0.6542113264321602,0.7346938775510204,10.0,-159.95091426301192,0.6515151515151515,1.0,0.9784336186112563,0.0,0.6153120718268287,130.78509131117985,0.11475409836065574
0.777333333,0.8360297805954503,0.32786885245901637,6.161844825129003,-148.5166537456671,0.30864197530864196,1.0,0.9373402160081528,0.00819672131147541,0.4691557501994818,123.77163867379667,0.1111111111111111
1.0,0.9949148773722051,0.006097560975609756,0.7412749234119641,60.46844834679139,0.09090909090909091,0.59,0.5342986285677689,0.036585365853658534,1.1480647643153632,124.01556892720816,0.09375
0.675,0.8387970817483587,0.3108108108108108,10.0,-159.22213167742353,0.28688524590163933,1.0,0.9766921598214678,0.013513513513513514,0.7782777794343717,125.69827499149767,0.08695652173913043
1.0,0.9818197549010479,0.03225806451612903,1.1316519014683086,115.45442418445754,0.11290322580645161,0.345,0.39121095669191536,0.012903225806451613,2.259425075723973,91.86329887383859,0.10752688172043011
1.0,0.9935752329282386,0.007936507936507936,1.1275863393421925,-94.871861808875,0.09615384615384616,0.41,0.514433390011797,0.015873015873015872,3.375181975595328,153.10113306363502,0.11764705882352941
1.0,0.9886620677055745,0.0,1.1032844937331192,-91.59295504696448,0.12698412698412698,0.385,0.3974136519584472,0.020134228187919462,1.453712398798673,112.76327055341103,0.11827956989247312
1.0,0.9950425659731325,0.02027027027027027,1.1082148657377964,-21.165141097884103,0.09836065573770492,0.89,0.6344916726475864,0.02027027027027027,1.6090372233083967,128.57677966933778,0.09615384615384616
1.0,0.9976985817515801,0.041666666666666664,0.5269154303703318,-143.08887042490167,0.2727272727272727,0.46,0.44641133039814934,0.020833333333333332,0.9949911686675526,157.93435241604155,0.3333333333333333
1.0,0.9966606294021241,0.0,0.746755208320356,-144.16179529934936,0.09090909090909091,0.73,0.5380837596585419,0.020689655172413793,2.0554637838177214,99.28605116106525,0.08860759493670886
1.0,0.9919057147419417,0.0,0.9374043831597798,180.36452167303221,0.07575757575757576,0.59,0.49425762649668986,0.05714285714285714,1.5997421094081261,122.3979295545767,0.09166666666666666
0.34333333299999996,0.4301217249587907,0.3227848101265823,10.0,-162.32919091724239,0.2638888888888889,1.0,0.9784622680381868,0.006329113924050633,0.9603900353924772,179.9601341109879,0.11267605633802817
1.0,0.9939208697266675,0.006535947712418301,0.8591200383314086,-120.77184838607633,0.12698412698412698,0.52,0.4585958700642008,0.032679738562091505,0.8944710268727979,141.86002469573958,0.07692307692307693
1.0,0.9940284387687949,0.0,1.056072098294052,76.62724377678542,0.09259259259259259,0.46,0.5488544350748668,0.04225352112676056,5.815805251365097,94.57086372588626,0.11904761904761904
1.0,0.9829849627530247,0.037037037037037035,1.5057012244144203,-148.21493505546334,0.1111111111111111,0.46,0.4654843904541729,0.012345679012345678,2.2699347942871855,147.06785051504056,0.09565217391304348
0.528333333,0.6157653337019218,0.4013605442176871,10.0,158.33309600006493,0.17355371900826447,1.0,1.0495667428051576,0.0,1.0060515871563966,122.39318019695055,0.0967741935483871
1.0,0.9948388916260072,0.007042253521126761,0.8198149465782761,-11.158436214638144,0.10714285714285714,0.55,0.5256028177418905,0.014084507042253521,1.0499131575125191,104.92336739606003,0.1
0.386,-0.0013702853757147219,0.5988372093023255,6.4055821265769035,160.62359022469596,0.5,1.0,0.9823823723349506,0.023255813953488372,0.9078495201414643,123.53904304177786,0.0958904109589041
1.0,0.993454450337996,0.0070921985815602835,0.8536785764917548,-169.93706486342137,0.13559322033898305,0.72,0.622632171765051,0.0070921985815602835,1.3394707361255962,113.6309202514932,0.07526881720430108
1.0,0.9975935951621901,0.013333333333333334,0.7345651541718189,21.60548822418491,0.09523809523809523,0.7,0.5490562182864827,0.02,1.1236709646959866,119.62506612746981,0.10309278350515463
1.0,0.9950346187290628,0.006024096385542169,0.8088122192838985,158.61718700505,0.0958904109589041,0.69,0.647958709853139,0.018072289156626505,1.1155813104114367,180.27842943846383,0.09574468085106383
0.725333333,0.5817037349003834,0.3756906077348066,10.0,18.573122666695312,0.2857142857142857,1.0,0.9227570802563577,0.0055248618784530384,0.9035721301572188,173.27346060705003,0.06896551724137931
1.0,0.9963797022718848,0.00641025641025641,0.7283417141220099,-133.53573518934758,0.09523809523809523,0.5,0.5427281723812105,0.019230769230769232,1.423966745378807,150.8536498187999,0.07692307692307693
1.0,1.0073477765655003,0.013071895424836602,1.9122346023113272,-108.67311600392763,0.07462686567164178,0.63,0.507244730747172,0.0,2.290860465139737,111.49052212258636,0.0847457627118644
1.0,0.9999198534855421,0.020689655172413793,1.3215399972361488,159.8414129342521,0.10294117647058823,0.77,0.662590238373425,0.020689655172413793,1.316681152851172,150.49125963264692,0.1794871794871795
0.33166666699999997,0.45183387567407024,0.74,10.0,-162.35674946666825,0.49295774647887325,1.0,0.9644681378781607,0.02666666666666667,0.7404537197002573,180.71828042434547,0.12903225806451613
0.298,0.02249016860116586,0.6646341463414634,10.0,28.71108005265249,0.34210526315789475,1.0,0.9756574751012458,0.006097560975609756,0.6954195944808528,126.7798671421001,0.10526315789473684
0.832666667,0.45018138418565423,0.31645569620253167,10.0,72.96811749383221,0.29770992366412213,1.0,0.9510248465431177,0.0,1.2280750334212207,122.32257380295167,0.12280701754385964
0.549333333,0.5972002719744918,0.2684563758389262,10.0,-146.74209165375777,0.2871287128712871,1.0,0.9897860327143859,0.020134228187919462,0.979253728211107,134.53384484127113,0.11666666666666667
1.0,0.9975721596241204,0.0,0.780006947694277,38.448491509729195,0.08064516129032258,0.86,0.8047642987133485,0.006535947712418301,1.536666425037866,107.93346106663166,0.0945945945945946
0.436333333,0.4687904789103736,0.5,10.0,-154.93441850857994,0.3816793893129771,1.0,0.9885033115756785,0.011904761904761904,0.6746707548498572,118.43004590330574,0.11594202898550725
1.0,0.9988777672107537,0.017857142857142856,0.7661501006891345,2.5142044041112115,0.125,0.57,0.6293644859958284,0.0,1.454986498247134,93.07348117034934,0.08620689655172414
0.845,0.8658262628649334,0.4266666666666667,8.577935147232735,14.71857841724615,0.4152542372881356,1.0,0.9234866602604113,0.013333333333333334,0.6871651955484744,146.03922693488272,0.10144927536231885
0.376,0.36743415988650147,0.6352201257861635,3.5470535377318733,-158.32292358580753,0.674074074074074,1.0,0.9891097012225016,0.012578616352201259,0.8137520401651195,121.43874222460754,0.13559322033898305
1.0,0.9917800577662064,0.0,1.0267179202461467,-90.49356681637641,0.08695652173913043,0.48,0.5011612193403847,0.005988023952095809,2.6817951524267367,132.40740431062804,0.10714285714285714
1.0,0.9937630806701174,0.028037383177570093,1.217523916205003,-107.81185581357475,0.1590909090909091,0.43,0.4970224354928604,0.009345794392523364,5.0313122450475865,89.28945253694442,0.10843373493975904
0.29600000000000004,0.2973103330724183,0.5286624203821656,10.0,44.47290108135044,0.352112676056338,1.0,0.9744629458145341,0.0,0.6147752262546194,134.13046203900848,0.10344827586206896
1.0,0.9957200796317345,0.0,0.6481994159384602,-88.1980539060813,0.07792207792207792,0.46,0.43916221826402846,0.0,1.0705353213456155,122.34423899892471,0.0625
1.0,0.9929245341274425,0.0,1.9183672372768446,-146.22539624751485,0.08955223880597014,0.266,0.4609950629141406,0.024844720496894408,7.538523026699987,135.62065214247542,0.13043478260869565
0.40133333299999996,0.5074482030119227,0.6341463414634146,10.0,-148.30986399999756,0.7227722772277227,1.0,0.9685610666590562,0.008130081300813009,0.641171318023746,126.12493918222559,0.12
0.39533333299999995,0.5043727708595387,0.6363636363636364,10.0,-156.36544004018793,0.44696969696969696,1.0,0.9601094438347814,0.012987012987012988,0.535808169834694,128.79246263154192,0.10526315789473684
0.384,0.3709651678068103,0.6645962732919255,7.116436764438192,-156.98864328762264,0.4527027027027027,1.0,0.9607998597606041,0.0,3.0066955628262098,175.65311663916094,0.09876543209876543
0.875,0.9752662024001494,0.22699386503067484,4.514524011192703,-160.8769957820878,0.27184466019417475,1.0,1.0370716231411545,0.0,1.0281156932335371,148.9363038819825,0.1044776119402985
0.599666667,0.7433644983015851,0.2907801418439716,10.0,-159.32386786489076,0.3177570093457944,1.0,0.9995865684248993,0.0070921985815602835,0.929283196592627,177.01100671510974,0.109375
1.0,0.9915114255104694,0.006369426751592357,1.0193037211864098,-155.212401408471,0.078125,0.62,0.518906815781064,0.0,1.2476487242566028,102.37827016219919,0.11764705882352941
1.0,0.9943704157711183,0.00625,0.9220973268232087,-142.5225540566506,0.1,0.54,0.59816118121689,0.0125,1.3407744143378844,159.81600856848738,0.07964601769911504
1.0,0.9929059121641713,0.0,0.8973759517792934,-64.17068716294655,0.11428571428571428,0.41,0.43695518796536337,0.0,1.7154286849367766,127.87648448944981,0.08333333333333333
